"Analysis of CHO cells metabolic redistribution in a glutamate-based defined medium in continuous culture",,,,,,,,,,,,,,,,,,,,,,,,,,,,,,,,,,,,,,,,,,,,,,,,,
"Altamirano et al., 2001",,,,,,,,,,,,,,,,,,,,,,,,,,,,,,,,,,,,,,,,,,,,,,,,,
"Biotechnology Progress",,,,,,,,,,,,,,,,,,,,,,,,,,,,,,,,,,,,,,,,,,,,,,,,,
,,,,,,,,,,,,,,,,,,,,,,,,,,,,,,,,,,,,,,,,,,,,,,,,,
Transport,,,,,,,,,,,,,,,,,,,,,,,,,,,,,,,,,,,,,,,,,,,,,,,,,
T_Ala,,->,Ala,,,,,,,,,,,,,,,,,,,,,,,,,,,,,,,,,,,,,,,,,,,,,,
T_Cys2,,->,"2 Cys",,,,,,,,,,,,,,,,,,,,,,,,,,,,,,,,,,,,,,,,,,,,,,
T_Gly,,->,Gly,,,,,,,,,,,,,,,,,,,,,,,,,,,,,,,,,,,,,,,,,,,,,,
T_Ser,,->,Ser,,,,,,,,,,,,,,,,,,,,,,,,,,,,,,,,,,,,,,,,,,,,,,
T_Thr,,->,Thr,,,,,,,,,,,,,,,,,,,,,,,,,,,,,,,,,,,,,,,,,,,,,,
T_Arg,,->,Arg,,,,,,,,,,,,,,,,,,,,,,,,,,,,,,,,,,,,,,,,,,,,,,
T_Glu,,->,Glu,,,,,,,,,,,,,,,,,,,,,,,,,,,,,,,,,,,,,,,,,,,,,,
T_Gln,,->,Gln,,,,,,,,,,,,,,,,,,,,,,,,,,,,,,,,,,,,,,,,,,,,,,
T_His,,->,His,,,,,,,,,,,,,,,,,,,,,,,,,,,,,,,,,,,,,,,,,,,,,,
T_Pro,,->,Pro,,,,,,,,,,,,,,,,,,,,,,,,,,,,,,,,,,,,,,,,,,,,,,
T_Asp,,->,Asp,,,,,,,,,,,,,,,,,,,,,,,,,,,,,,,,,,,,,,,,,,,,,,
T_Asn,,->,Asn,,,,,,,,,,,,,,,,,,,,,,,,,,,,,,,,,,,,,,,,,,,,,,
T_Ile,,->,Ile,,,,,,,,,,,,,,,,,,,,,,,,,,,,,,,,,,,,,,,,,,,,,,
T_Leu,,->,Leu,,,,,,,,,,,,,,,,,,,,,,,,,,,,,,,,,,,,,,,,,,,,,,
T_Lys,,->,Lys,,,,,,,,,,,,,,,,,,,,,,,,,,,,,,,,,,,,,,,,,,,,,,
T_Met,,->,Met,,,,,,,,,,,,,,,,,,,,,,,,,,,,,,,,,,,,,,,,,,,,,,
T_Phe,,->,Phe,,,,,,,,,,,,,,,,,,,,,,,,,,,,,,,,,,,,,,,,,,,,,,
T_Trp,,->,Trp,,,,,,,,,,,,,,,,,,,,,,,,,,,,,,,,,,,,,,,,,,,,,,
T_Tyr,,->,Tyr,,,,,,,,,,,,,,,,,,,,,,,,,,,,,,,,,,,,,,,,,,,,,,
T_Val,,->,Val,,,,,,,,,,,,,,,,,,,,,,,,,,,,,,,,,,,,,,,,,,,,,,
T_Lac,,->,Lac,,,,,,,,,,,,,,,,,,,,,,,,,,,,,,,,,,,,,,,,,,,,,,
T_Glc,,->,Glc,,,,,,,,,,,,,,,,,,,,,,,,,,,,,,,,,,,,,,,,,,,,,,
T_Amm,,->,Amm,,,,,,,,,,,,,,,,,,,,,,,,,,,,,,,,,,,,,,,,,,,,,,
T_O2,,->,O2,,,,,,,,,,,,,,,,,,,,,,,,,,,,,,,,,,,,,,,,,,,,,,
T_CO2,,->,CO2,,,,,,,,,,,,,,,,,,,,,,,,,,,,,,,,,,,,,,,,,,,,,,
T_Carb,,->,Carb,,,,,,,,,,,,,,,,,,,,,,,,,,,,,,,,,,,,,,,,,,,,,,
T_OA,,->,OA,,,,,,,,,,,,,,,,,,,,,,,,,,,,,,,,,,,,,,,,,,,,,,
T_DNA,,->,DNA,,,,,,,,,,,,,,,,,,,,,,,,,,,,,,,,,,,,,,,,,,,,,,
T_RNA,,->,RNA,,,,,,,,,,,,,,,,,,,,,,,,,,,,,,,,,,,,,,,,,,,,,,
T_Prot,,->,Prot,,,,,,,,,,,,,,,,,,,,,,,,,,,,,,,,,,,,,,,,,,,,,,
T_Glx,,->,Ala,+,Gln,,,,,,,,,,,,,,,,,,,,,,,,,,,,,,,,,,,,,,,,,,,,
T_FoOH,,->,FoOH,,,,,,,,,,,,,,,,,,,,,,,,,,,,,,,,,,,,,,,,,,,,,,
T_AcOH,,->,AcOH,,,,,,,,,,,,,,,,,,,,,,,,,,,,,,,,,,,,,,,,,,,,,,
T_Pyr,,->,Pyr,,,,,,,,,,,,,,,,,,,,,,,,,,,,,,,,,,,,,,,,,,,,,,
T_Cit,,->,Cit,,,,,,,,,,,,,,,,,,,,,,,,,,,,,,,,,,,,,,,,,,,,,,
T_Pgl,,->,Pgl,,,,,,,,,,,,,,,,,,,,,,,,,,,,,,,,,,,,,,,,,,,,,,
,,,,,,,,,,,,,,,,,,,,,,,,,,,,,,,,,,,,,,,,,,,,,,,,,
"Glycolysis and PPP",,,,,,,,,,,,,,,,,,,,,,,,,,,,,,,,,,,,,,,,,,,,,,,,,
HK,Glc,+,ATP,->,ADP,+,G6P,,,,,,,,,,,,,,,,,,,,,,,,,,,,,,,,,,,,,,,,,,
FBA,G6P,+,ATP,->,ADP,+,"2 DHAP",,,,,,,,,,,,,,,,,,,,,,,,,,,,,,,,,,,,,,,,,,
PK,DHAP,+,"2 ADP",+,NAD,+,Pi,->,"2 ATP",+,NADH,+,Pyr,+,H2O,,,,,,,,,,,,,,,,,,,,,,,,,,,,,,,,,,
PPP,G6P,+,"2 NADP",+,H2O,->,"2 NADPH",+,R5P,+,CO2,,,,,,,,,,,,,,,,,,,,,,,,,,,,,,,,,,,,,,
,,,,,,,,,,,,,,,,,,,,,,,,,,,,,,,,,,,,,,,,,,,,,,,,,
"Pyr and AcCoA",,,,,,,,,,,,,,,,,,,,,,,,,,,,,,,,,,,,,,,,,,,,,,,,,
LDH,Pyr,+,NADH,->,Lac,+,NAD,,,,,,,,,,,,,,,,,,,,,,,,,,,,,,,,,,,,,,,,,,
ACAS,mAcCoA,->,mCoA,+,AcOH,,,,,,,,,,,,,,,,,,,,,,,,,,,,,,,,,,,,,,,,,,,,
ME,Mal,+,NADP,->,Pyr,+,CO2,+,NADPH,,,,,,,,,,,,,,,,,,,,,,,,,,,,,,,,,,,,,,,,
PDH,mPyr,+,mCoA,+,NAD,->,mAcCoA,+,NADH,+,CO2,,,,,,,,,,,,,,,,,,,,,,,,,,,,,,,,,,,,,,
,,,,,,,,,,,,,,,,,,,,,,,,,,,,,,,,,,,,,,,,,,,,,,,,,
"TCA cycle",,,,,,,,,,,,,,,,,,,,,,,,,,,,,,,,,,,,,,,,,,,,,,,,,
CS,mAcCoA,+,mOxal,+,H2O,->,mCit,+,mCoA,,,,,,,,,,,,,,,,,,,,,,,,,,,,,,,,,,,,,,,,
TCA_2,mCit,+,NAD,->,mAKG,+,NADH,+,CO2,,,,,,,,,,,,,,,,,,,,,,,,,,,,,,,,,,,,,,,,
AKGDH,mAKG,+,mCoA,+,NAD,->,mSucCoA,+,NADH,+,CO2,,,,,,,,,,,,,,,,,,,,,,,,,,,,,,,,,,,,,,
SCS,ADP,+,mSucCoA,+,Pi,->,ATP,+,mCoA,+,mSuc,,,,,,,,,,,,,,,,,,,,,,,,,,,,,,,,,,,,,,
TCA_5,mFAD,+,mSuc,+,H2O,->,mFADH,+,mMal,,,,,,,,,,,,,,,,,,,,,,,,,,,,,,,,,,,,,,,,
mMalDH,mMal,+,NAD,->,mOxal,+,NADH,,,,,,,,,,,,,,,,,,,,,,,,,,,,,,,,,,,,,,,,,,
cMalDH,NADH,+,Oxal,->,Mal,+,NAD,,,,,,,,,,,,,,,,,,,,,,,,,,,,,,,,,,,,,,,,,,
,,,,,,,,,,,,,,,,,,,,,,,,,,,,,,,,,,,,,,,,,,,,,,,,,
Glutaminolysis,,,,,,,,,,,,,,,,,,,,,,,,,,,,,,,,,,,,,,,,,,,,,,,,,
ALT,Glu,+,Pyr,->,AKG,+,Ala,,,,,,,,,,,,,,,,,,,,,,,,,,,,,,,,,,,,,,,,,,
GLDH,mGlu,+,NAD,+,H2O,->,Amm,+,mAKG,+,NADH,,,,,,,,,,,,,,,,,,,,,,,,,,,,,,,,,,,,,,
GS,Glu,+,ATP,+,Amm,->,Gln,+,ADP,+,Pi,,,,,,,,,,,,,,,,,,,,,,,,,,,,,,,,,,,,,,
AST,Glu,+,Oxal,->,Asp,+,AKG,,,,,,,,,,,,,,,,,,,,,,,,,,,,,,,,,,,,,,,,,,
Glu_5,Glu,->,Pgl,,,,,,,,,,,,,,,,,,,,,,,,,,,,,,,,,,,,,,,,,,,,,,
,,,,,,,,,,,,,,,,,,,,,,,,,,,,,,,,,,,,,,,,,,,,,,,,,
"AA Degradation",,,,,,,,,,,,,,,,,,,,,,,,,,,,,,,,,,,,,,,,,,,,,,,,,
SDH,Ser,->,Pyr,+,Amm,,,,,,,,,,,,,,,,,,,,,,,,,,,,,,,,,,,,,,,,,,,,
SHMT,Ser,+,FH4,->,Gly,+,N5N10methyleneFH4,+,H2O,,,,,,,,,,,,,,,,,,,,,,,,,,,,,,,,,,,,,,,,
GCS,CO2,+,Amm,+,N5N10methyleneFH4,+,NADH,->,Gly,+,FH4,+,NAD,,,,,,,,,,,,,,,,,,,,,,,,,,,,,,,,,,,,
AA_4,Thr,+,mCoA,+,NAD,->,Gly,+,mAcCoA,+,NADH,,,,,,,,,,,,,,,,,,,,,,,,,,,,,,,,,,,,,,
AA_5,Cys,+,AKG,->,Glu,+,Pyr,,,,,,,,,,,,,,,,,,,,,,,,,,,,,,,,,,,,,,,,,,
AA_6,His,+,FH4,+,NADPH,+,"2 H2O",->,Glu,+,N5N10methyleneFH4,+,NADP,+,"2 Amm",,,,,,,,,,,,,,,,,,,,,,,,,,,,,,,,,,
AA_7,Arg,+,AKG,+,NAD,+,"2 H2O",->,"2 Glu",+,NADH,,,,,,,,,,,,,,,,,,,,,,,,,,,,,,,,,,,,,,
AA_8,Pro,+,"2 NAD",+,"2 H2O",->,Glu,+,"2 NADH",,,,,,,,,,,,,,,,,,,,,,,,,,,,,,,,,,,,,,,,
ASNS,Asn,+,H2O,->,Amm,+,Asp,,,,,,,,,,,,,,,,,,,,,,,,,,,,,,,,,,,,,,,,,,
AA_10,Ile,+,AKG,+,ATP,+,"2 mCoA",+,mFAD,+,"2 NAD",+,H2O,->,mSucCoA,+,Glu,+,mAcCoA,+,ADP,+,Pi,+,mFADH,+,"2 NADH",,,,,,,,,,,,,,,,,,,,,,
AA_11,Leu,+,ATP,+,AKG,+,NAD,+,mCoA,+,mFAD,+,H2O,+,mSucCoA,->,"2 mAcCoA",+,mSuc,+,Glu,+,NADH,+,mFADH,+,ADP,+,Pi,,,,,,,,,,,,,,,,,,,,
AA_12,Lys,+,AKG,+,"2 mCoA",+,"0.5 O2",+,"2 H2O",+,"2 mFAD",+,"2 NAD",->,Glu,+,"2 mAcCoA",+,"2 CO2",+,Amm,+,"2 mFADH",+,"2 NADH",,,,,,,,,,,,,,,,,,,,,,,,
AA_13,Met,+,Ser,+,"3 ATP",+,FH4,+,NAD,+,ATP,+,mCoA,+,NAD,+,"4 H2O",->,mSucCoA,+,Cys,+,Amm,+,"3 ADP",+,"4 Pi",+,N5N10methyleneFH4,+,NADH,+,ADP,+,NADH,,,,,,,,,,,,,,
PAH,Phe,+,NADPH,+,O2,->,Tyr,+,NADP,+,H2O,,,,,,,,,,,,,,,,,,,,,,,,,,,,,,,,,,,,,,
AA_15,Trp,+,"2 mCoA",+,"3 O2",+,"4 H2O",+,NADPH,+,"3 NAD",+,mFAD,->,"2 mAcCoA",+,"4 CO2",+,Ala,+,NADP,+,"3 NADH",+,mFADH,+,Amm,,,,,,,,,,,,,,,,,,,,,,
AA_16,Tyr,+,AKG,+,mCoA,+,mSucCoA,+,"2 O2",+,"2 H2O",->,Glu,+,Mal,+,"2 mAcCoA",+,mSuc,+,CO2,,,,,,,,,,,,,,,,,,,,,,,,,,,,
AA_17,Val,+,AKG,+,"2 ATP",+,mCoA,+,mFAD,+,"3 NAD",+,"4 H2O",->,mSucCoA,+,Glu,+,"2 ADP",+,"2 Pi",+,mFADH,+,"3 NADH",+,CO2,,,,,,,,,,,,,,,,,,,,,,
,,,,,,,,,,,,,,,,,,,,,,,,,,,,,,,,,,,,,,,,,,,,,,,,,
Macromolecules,,,,,,,,,,,,,,,,,,,,,,,,,,,,,,,,,,,,,,,,,,,,,,,,,
Bio_Carb,G6P,+,"3.5 ATP",->,Carb,+,ADP,,,,,,,,,,,,,,,,,,,,,,,,,,,,,,,,,,,,,,,,,,
Bio_OA,"9 mCit",+,"9 Mal",+,"17 ATP",+,"17 NADPH",+,"9 NADH",+,O2,->,OA,+,"9 mMal",+,"9 Oxal",+,"17 ADP",+,"17 Pi",+,"7 NADP",+,"9 NAD",+,H2O,,,,,,,,,,,,,,,,,,,,,,
Bio_DNA,"1.9 Gln",+,"1.3 Asp",+,"7.5 ATP",+,"0.5 Gly",+,"1.3 N5N10methyleneFH4",+,"0.7 NAD",+,"0.3 NADPH",+,R5P,+,"0.3 NADH",+,"0.5 CO2",+,"3.1 H2O",->,"1.9 Glu",+,"0.8 Mal",+,"7.5 ADP",+,"7.5 Pi",+,"1.3 FH4",+,"0.7 NADH",+,"0.3 NADP",+,"0.3 NAD",+,DNA,,,,,,,,,,
Bio_RNA,"2.091 Gln",+,"1.194 Asp",+,"7.487 ATP",+,"0.489 Gly",+,"0.978 N5N10methyleneFH4",+,"0.806 NAD",+,"0.978 NADP",+,R5P,+,"0.194 NADH",+,"0.489 CO2",+,"4.59 H2O",+,"0.097 O2",->,"2.091 Glu",+,"0.683 Mal",+,"7.487 ADP",+,"7.487 Pi",+,"0.978 FH4",+,"0.806 NADH",+,"0.978 NADPH",+,"0.194 NAD",+,RNA,,,,,,,,
Bio_Prot,"0.095 Ala",+,"0.048 Asp",+,"0.039 Asn",+,"0.063 Arg",+,"0.028 Cys",+,"0.052 Gln",+,"0.064 Glu",+,"0.078 Gly",+,"0.022 His",+,"0.052 Ile",+,"0.088 Leu",+,"0.089 Lys",+,"0.02 Met",+,"0.021 Phe",+,"0.028 Pro",+,"0.057 Ser",+,"0.061 Thr",+,"0.006 Trp",+,"0.02 Tyr",+,"0.059 Val",+,"4 ATP",+,"4 H2O",->,Prot,+,"4 ADP",+,"4 Pi"
,,,,,,,,,,,,,,,,,,,,,,,,,,,,,,,,,,,,,,,,,,,,,,,,,
Misc.,,,,,,,,,,,,,,,,,,,,,,,,,,,,,,,,,,,,,,,,,,,,,,,,,
mTAKG,mMal,+,AKG,->,mAKG,+,Mal,,,,,,,,,,,,,,,,,,,,,,,,,,,,,,,,,,,,,,,,,,
mTCit,mMal,+,Cit,->,mCit,+,Mal,,,,,,,,,,,,,,,,,,,,,,,,,,,,,,,,,,,,,,,,,,
GLAST,Glu,->,mGlu,,,,,,,,,,,,,,,,,,,,,,,,,,,,,,,,,,,,,,,,,,,,,,
MPC,Pyr,->,mPyr,,,,,,,,,,,,,,,,,,,,,,,,,,,,,,,,,,,,,,,,,,,,,,
THF,FH4,+,FoOH,+,ATP,+,NADH,->,ADP,+,Pi,+,NAD,+,N5N10methyleneFH4,,,,,,,,,,,,,,,,,,,,,,,,,,,,,,,,,,
,,,,,,,,,,,,,,,,,,,,,,,,,,,,,,,,,,,,,,,,,,,,,,,,,
Phosphorylation,,,,,,,,,,,,,,,,,,,,,,,,,,,,,,,,,,,,,,,,,,,,,,,,,
OX_1,"3 ADP",+,NADH,+,"0.5 O2",+,"3 Pi",->,"3 ATP",+,NAD,+,"4 H2O",,,,,,,,,,,,,,,,,,,,,,,,,,,,,,,,,,,,
OX_2,"2 ADP",+,mFADH,+,"0.5 O2",+,"2 Pi",->,"2 ATP",+,mFAD,+,"2 H2O",,,,,,,,,,,,,,,,,,,,,,,,,,,,,,,,,,,,
